ナンゴウシャ	何号車
ナンバンデグチ	何番出口
ナンバンホーム	何番ホーム
ファンシンセイ	ファン申請
コウカカイトリ	高価買取
ビヨウコウカ	美容効果
シヨウジョウ	使用上
ケッコウフリョウ	血行不良
ケッコウソクシン	血行促進
シャケンショウ	車検証
リヨウテイシ	利用停止
シボウヨウカイチュウシャ	脂肪溶解注射
カバライキンセイキュウ	過払い金請求
ケンコウウン	健康運
ロングタケ	ロング丈
ジコウエンヨウ	時効援用
ユウリョウサイト	優良サイト
キュウシンビ	休診日
ショウカイヨテイハケン	紹介予定派遣
シンビシカ	審美歯科
リヨウカ	利用可
ショウヒンシヨウ	商品仕様
ツボタンカ	坪単価
シコウジレイ	施工事例
カイモノカゴ	買い物かご
ロウカゲンショウ	老化現象
トソウコウジ	塗装工事
ショコクメイカ	諸国銘菓
ソウキチリョウ	早期治療
チュウセイセンザイ	中性洗剤
ヒシマク	皮脂膜
テイケイガイユウビン	定形外郵便
センユウメンセキ	専有面積
キジカン	生地感
オンシンフツウ	音信不通
リヨウカンキョウ	利用環境
シジョウシャ	試乗車
ツイカヒヨウ	追加費用
カンソウタイサク	乾燥対策
シコウセイ	嗜好性
シコウレイ	施工例
シンセイホウケイ	真性包茎
ショウニシカ	小児歯科
シゼンカンソウ	自然乾燥
セイヒンシヨウ	製品仕様
ハイソウリョウムリョウ	配送料無料
カセイホウケイ	仮性包茎
ヒシセン	皮脂腺
コテイカイセン	固定回線
セイキュウコウ	請求項
ハクセンキン	白癬菌
ロセンカ	路線価
コウレイシャカイ	高齢社会
シヨウカンキョウ	使用環境
メールアドレスアテ	メールアドレス宛
トモダチシンセイ	友達申請
ハリカン	ハリ感
シヨウジョウケン	使用条件
コウジヒヨウ	工事費用
センタクソウ	洗濯槽
プロシヨウ	プロ仕様
ショートタケ	ショート丈
オープンカカク	オープン価格
ミツモリイライ	見積り依頼
ジュウタクカイシャ	住宅会社
ダツモウキキ	脱毛機器
モチュウハガキ	喪中はがき
レンゾクシヨウ	連続使用
ケイチョウキュウカ	慶弔休暇
キンカツ	菌活
リヨウキカン	利用期間
ヒフカイ	皮膚科医
ワキガショウ	腋臭症
イチモクキンコウヒョウ	一目均衡表
シカイリョウ	歯科医療
ジヨウキョウソウ	滋養強壮
ジヒシンリョウ	自費診療
チュウコシジョウ	中古市場
カシタンポセキニン	瑕疵担保責任
チュウトカイヤク	中途解約
チカクカビン	知覚過敏
コウカイジダイ	航海時代
ジュウクウカン	住空間
レーザースミダシキ	レーザー墨出し器
カワコモノ	革小物
シロメシ	白飯
ハイカンリョウ	拝観料
シンケンコウサイ	真剣交際
センメンケショウダイ	洗面化粧台
ソウシンコウカ	痩身効果
フドウシャ	不動車
シンセンヤサイ	新鮮野菜
ケイザイジョウセイ	経済情勢
コンインヒヨウ	婚姻費用
キョウセイソウチ	矯正装置
コウタイセイ	交替制
ページセントウ	ページ先頭
ショウカキナイカ	消化器内科
ヘイショ	弊所
ネイティブコウシ	ネイティブ講師
セイキツウハンテン	正規通販店
ヒッコシヒヨウ	引っ越し費用
ショウカイサイト	紹介サイト
ニンテイコウシ	認定講師
シュウノウダナ	収納棚
エキシュウショウ	腋臭症
セコウジレイ	施工事例
セコウレイ	施工例
コウナイシャセイ	口内射精
セイカンマッサージ	性感マッサージ
フウゾクジョウホウ	風俗情報
ヒシリョウ	皮脂量
ギフトホウソウ	ギフト包装
ソウゾクトウキ	相続登記
オンガクサイセイ	音楽再生
シコウホウホウ	施工方法
コジンシヨウ	個人使用
トクシュカコウ	特殊加工
キジュンカガク	基準価額
リョウカンビ	寮完備
ユキタケ	裄丈
カキキュウカ	夏期休暇
ユシャン	湯シャン
キュウシキ	休止期
コウショウヤクバ	公証役場
ダイコウギョウシャ	代行業者
カミマチサイト	神待ちサイト
ケンキュウカダイ	研究課題
シュシユ	種子油
ジンコウシコン	人工歯根
トクシュセイソウ	特殊清掃
キカシンセイ	帰化申請
キュウセイキガク	九星気学
シボウホショウ	死亡保障
リョコウヒヨウ	旅行費用
コンカンチリョウ	根管治療
ヒカソシキ	皮下組織
イッパンシカ	一般歯科
キョウイクタイセイ	教育体制
ケイサイサイト	掲載サイト
シャコウジレイ	社交辞令
タイカイテツヅキ	退会手続き
ガイコクジンコウシ	外国人講師
シンパイキノウ	心肺機能
ソウギヒヨウ	葬儀費用
シュウネンキネンジギョウ	周年記念事業
テンショクシジョウ	転職市場
トウジョウケン	搭乗券
ヒッコシヒヨウ	引越し費用
コウソインリョウ	酵素飲料
シュウリョウセイ	修了生
キョカジユウ	許可事由
エッチトモ	エッチ友
シュウリョウショウ	修了証
ニッポンジンコウシ	日本人講師
ボウスイシヨウ	防水仕様
ヤサイコウトウ	野菜高騰
ケンコウセイブン	健康成分
ツウジョウシヨウ	通常使用
タイシントウキュウ	耐震等級
エイヨウシドウ	栄養指導
チョウサイライ	調査依頼
ツナギユウシ	つなぎ融資
テゴロカカク	手ごろ価格
サイリョウロウドウセイ	裁量労働制
サンカシシツ	酸化脂質
ウミワケ	産み分け
シゼンカイトウ	自然解凍
カイゾウカン	解像感
デブキン	デブ菌
シャケンヒヨウ	車検費用
スカートタケ	スカート丈
エンカンサン	円換算
ショウダンカイ	商談会
タントウコウシ	担当講師
ミコミキャク	見込客
セイリョクゾウキョウザイ	精力増強剤
ハダロウカ	肌老化
トウキセイ	陶器製
コヨウキカン	雇用期間
シインカイ	試飲会
オキャクサマカクイ	お客様各位
リヨウヨウト	利用用途
ホシュテンケン	保守点検
ケンコウチャ	健康茶
シキュウガン	子宮がん
サツエイカイシ	撮影開始
シコウナイヨウ	施工内容
シヨウカ	使用可
ハンダヅケ	ハンダ付け
ケンサキカン	検査機関
ショッキセンジョウキ	食器洗浄機
チョウサヒヨウ	調査費用
ケンキュウハン	研究班
ショウミキカン	賞味期間
トウガイカイイン	当該会員
ケンチクシザイ	建築資材
ケンビジュセイ	顕微授精
シキュウガイニンシン	子宮外妊娠
シヨウケイケン	使用経験
ブッソンジコ	物損事故
ケイゾクシヨウ	継続使用
コウキンコウカ	抗菌効果
ヒナンコヤ	避難小屋
カンケイカクイ	関係各位
シンシャカカク	新車価格
トリドシ	酉年
カンテイシ	鑑定師
カソクカ	加速化
カミニュウ	神乳
コベツホウソウ	個別包装
シキョウイ	市教委
ショウカキカ	消化器科
センシンセイ	先進性
カンケイショウチョウ	関係省庁
カンバンケン	看板犬
ケンコウウンドウシドウシ	健康運動指導士
シキュウタイガン	子宮体がん
ジンコウヒカク	人工皮革
タイセイハ	体制派
ツイカトウシ	追加投資
メイロウカイケイ	明朗会計
キンカンニッショク	金環日食
ジョセイセイド	助成制度
セイネンコウケン	成年後見
ツウヤクアンナイシ	通訳案内士
ホシュウコウジ	補修工事
カンジンカナメ	肝心かなめ
シミンサンカ	市民参加
ダンジュウ	段重
エイセイシ	衛生士
カソウカンキョウ	仮想環境
カドウタナ	可動棚
コウリカカク	小売価格
シジョウキ	試乗記
リヨウケイケン	利用経験
ケンキョウイ	県教委
コウジカカク	公示価格
コウボキン	酵母菌
シュジュツヒヨウ	手術費用
シンサカンリョウ	審査完了
チョウサカイシ	調査開始
カオアセ	顔汗
タイオウカ	対応可
イエデサイト	家出サイト
コウハイイ	後背位
コショウシャ	故障車
シヨウバン	試用版
チンセイカ	鎮静化
ビヨウキキ	美容機器
シュトクカガク	取得価額
ポイントコウニュウセイ	ポイント購入制
エンタイゼイ	延滞税
キョウセイカイヤク	強制解約
ゲストコウシ	ゲスト講師
ショユウヨク	所有欲
ホゾンリョウホウ	保存療法
マキシタケ	マキシ丈
ミアイショウカイジョ	見合い紹介所
カイタイヒヨウ	解体費用
カンチョウジ	干潮時
ゴオウドセイ	五黄土星
タイメンザイ	対面座位
カイキイワイ	快気祝い
コウモンセン	肛門腺
ソウゴウシスウ	総合指数
タイカイフォーム	退会フォーム
ツウシンキカク	通信規格
トウキヒヨウ	登記費用
ハンシャク	反射区
ビボディ	美ボディ
リヨウケイタイ	利用形態
アシキョウセイ	脚矯正
クリスマスシヨウ	クリスマス仕様
シドウホウシン	指導方針
ショブンヒヨウ	処分費用
ジョシウケ	女子ウケ
タイキデンリョク	待機電力
マウスピースキョウセイ	マウスピース矯正
コウキュウシコウ	高級志向
シコウヒ	施工費
セッケイシコウ	設計施工
ダイタイブ	大腿部
ハヤサイ	葉野菜
ガイブコウシ	外部講師
ケイヒセイサン	経費精算
ゴムシヨウ	ゴム仕様
セイヒンカカク	製品価格
タイコウキ	退行期
シヨウジョウタイ	使用状態
シンサキカン	審査期間
ダニタイジ	ダニ退治
ダンセイショクン	男性諸君
デモコウザ	デモ口座
レンアイケイコウ	恋愛傾向
カリイレケンスウ	借入件数
ジョコウエキ	除光液
センケンセイ	先見性
トウキシンセイ	登記申請
リヨウモウシコミ	利用申込
コウジギョウシャ	工事業者
シンブタイオン	深部体温
ジンコウモウ	人工毛
セイキノウ	性機能
カタロース	肩ロース
シャインリョウ	社員寮
レンラクチョウセイ	連絡調整
イッパンカカク	一般価格
ケンガンシ	検眼士
ゲントウキ	厳冬期
コウキュウクラブ	高級クラブ
シセイキョウセイ	姿勢矯正
ゼントタナン	前途多難
イチョウハエキス	イチョウ葉エキス
ケンチクシコウカンリギシ	建築施工管理技士
コシツセキ	個室席
セイシジョウ	製糸場
チョウセイトウニュウ	調整豆乳
ハコヘル	箱ヘル
リョウホウシ	療法士
カキゲンキン	火気厳禁
チョウキシヨウ	長期使用
ブンデンバン	分電盤
シコウバショ	施工場所
タイカイショリ	退会処理
テントウボウシ	転倒防止
ミアイサイト	見合いサイト
オンシコウエン	恩賜公園
シュウネンキカク	周年企画
スイシンキコウ	推進機構
コッカクキョウセイ	骨格矯正
コヨウジョウセイ	雇用情勢
ジョセイキシャ	女性記者
イチギソウ	位置偽装
シュウレンケショウスイ	収れん化粧水
ショウシュウカン	商習慣
ゼンドウウンドウ	ぜん動運動
フクゴウカ	復号化
カカクサテイ	価格査定
コウモンカ	肛門科
サービスシヨウ	サービス仕様
ジコシャカイトリ	事故車買取
ソッコウセイ	速効性
ホユウシカク	保有資格
キンムキカン	勤務期間
セイカダイ	聖火台
タイリョウシャセイ	大量射精
フタツキ	フタ付き
リヨウレイ	利用例
オススメドウガ	オススメ動画
カイカキ	開花期
キュウセイヨウツウショウ	急性腰痛症
キョウセイタイカイ	強制退会
キョウソウザイ	強壮剤
コウセイシャ	校正者
シコウセイ	施工性
タイシュウタイサク	体臭対策
トウロクショウ	登録証
キュウスイカン	給水管
コウホウシ	広報紙
ネジドメ	ネジ止め
ネンカンシヨウ	年間使用
ヒョウメンカコウ	表面加工
ボシソウカン	母子相姦
エンカクシンリョウ	遠隔診療
カイトウソフト	解凍ソフト
コウカテキメン	効果てきめん
コウシヨウニン	行使容認
シュウタンイ	週単位
ショカイリヨウ	初回利用
シンサカイトウ	審査回答
ビハダキン	美肌菌
ブツリリョウホウ	物理療法
モクテキガイリヨウ	目的外利用
キツケキョウシツ	着付け教室
コウセイシサン	構成資産
ショウヒンタナ	商品棚
ダイタイリョウホウ	代替療法
ニンテイコウジョウ	認定工場
ノリカタ	乗り方
バネボウ	バネ棒
アンテイカドウ	安定稼働
エイタイクヨウボ	永代供養墓
カイコテン	回顧展
キャンペーンタイショウ	キャンペーン対象
シュウレンサヨウ	収れん作用
セイコンタイカイ	成婚退会
トウナンボウシ	盗難防止
トマリデート	泊りデート
ヒオウギ	秘奥義
ケイソクキキ	計測機器
コウカイカカク	公開価格
コウフゼイ	交付税
シキンシト	資金使途
フルーツサン	フルーツ酸
リョウショクドウ	寮食堂
エンキンリョウヨウ	遠近両用
ガッペイトクレイサイ	合併特例債
ケイエイカクシン	経営革新
サイタイシャ	妻帯者
シヨウゲンゴ	使用言語
スイセイトリョウ	水性塗料
センジュウケン	先住犬
ソウゾクジセイサンカゼイ	相続時精算課税
ダイビキテスウリョウ	代引手数料
フタイホケン	付帯保険
プロコウシ	プロ講師
ホショウキカン	保障期間
ウシロミゴロ	後ろ身頃
カイトウレイ	解答例
カンシタイセイ	監視体制
ショウキマスイ	笑気麻酔
センニンバイカイケイヤク	専任媒介契約
リョコウカバン	旅行カバン
イホウドウガ	違法動画
カワサイフ	革財布
キュウシカセイ	九紫火星
ケイコクトウ	警告灯
コウタイセイロウドウ	交替制労働
ショクジカイジョ	食事介助
トクソウハン	特捜班
フユキカン	冬期間
ホショウキョウカイ	保証協会
ユーザーシャケン	ユーザー車検
ガイコクサイケン	外国債券
ケンコウビ	健康美
コウカザイ	硬化剤
ザンサイキンガク	残債金額
ジサボケ	時差ぼけ
ズームキノウ	ズーム機能
センタクカ	選択可
ダメージカコウ	ダメージ加工
ツキカタ	付き方
トクショウホウ	特商法
トクベツコウシ	特別講師
ドクシンリョウ	独身寮
バシンサ	馬身差
ビコウチョウサ	尾行調査
イギモウシタテ	異議申立
イッカンセイサン	一貫生産
カイフクキチョウ	回復基調
キセイイ	規制委
シュトクヒヨウ	取得費用
ジュキュウシカク	受給資格
セッチャクシン	接着芯
チンゲンショウ	珍現象
テイソウカイ	低層階
トウシケイケン	投資経験
トウヒョウキカン	投票期間
ホウセイコウジョウ	縫製工場
イッカツミツモリサイト	一括見積りサイト
シジュツヒヨウ	施術費用
シャナイキテイ	社内規程
ソウショクカ	草食化
ソウシンホウホウ	痩身方法
ダンシキンセイ	男子禁制
カイトウヨウシ	解答用紙
カイモノカート	買い物カート
コウエンイライ	講演依頼
コウカンヒヨウ	交換費用
ゴルフカイインケン	ゴルフ会員権
ジュウタクカイシュウ	住宅改修
スピードコン	スピード婚
トウロクヒヨウ	登録費用
ハロウィンシヨウ	ハロウィン仕様
ホンカクカドウ	本格稼働
キホンシヨウ	基本仕様
シュンヤサイ	旬野菜
シンセイヨウシ	申請用紙
ネゴロカン	値ごろ感
ヒヨウコウカ	費用効果
ブブンキョウセイ	部分矯正
ホウソウシザイ	包装資材
ボシケンコウテチョウ	母子健康手帳
ロセンカズ	路線価図
オロシカカク	卸価格
カクレンチ	角レンチ
ギンジョウカ	吟醸香
クウキカンキョウ	空気環境
コウガクトウセン	高額当選
ソウシンホウ	痩身法
タテイチ	縦位置
ダイヒョウカンジ	代表幹事
ハリカタ	張り方
ハリハダ	ハリ肌
ヤマタビ	山旅
レンシュウカイシ	練習開始
キケンチタイ	危険地帯
キンエンセキ	禁煙席
ケイコウヤク	経口薬
タイザイカ	滞在可
トウシコウカ	投資効果
トウシホウシン	投資方針
ニンテイシエンキカン	認定支援機関
フタイケツギ	附帯決議
ブドウシュ	葡萄酒
ミニタケ	ミニ丈
イシトウイツ	意思統一
カイトウレイ	回答例
カソクカン	加速感
カンテイヒョウカ	鑑定評価
シュッテンシャ	出展社
セイジジョウセイ	政治情勢
ツッコミドコロマンサイ	突っ込みどころ満載
ニュウセンゲカ	乳腺外科
ユカゲン	湯加減
カシセイ	可視性
カテイケン	家庭犬
カンジカイ	幹事会
クンレンシ	訓練士
シテキリヨウ	私的利用
シュミトモ	趣味友
ジブンシヨウ	自分仕様
ジョウショウキチョウ	上昇基調
セイコウツウ	性交痛
ヒマシユ	ヒマシ油
ヘイベイタンカ	平米単価
ヤキンセンジュウ	夜勤専従
リヨウケン	利用券
カイトウホウホウ	解凍方法
カマアゲシラス	釜揚げしらす
キチョウダイコウ	記帳代行
コセキショウホン	戸籍抄本
ショウニキョウセイ	小児矯正
ノミタイジ	ノミ退治
ビジュツカンショウ	美術鑑賞
ホウシャセイドウイゲンソ	放射性同位元素
アクリルサン	アクリル酸
イナワラ	稲わら
ギジュツシヨウ	技術仕様
ゲンリョウコウカ	減量効果
サイテイカンキンガク	最低換金額
シップヤク	湿布薬
チコウスパン	遅行スパン
テンサイトウ	甜菜糖
ヒキアテキン	引当金
ボウバリ	棒針
モクサクエキ	木酢液
イスセキ	椅子席
カイセンコウジ	回線工事
キョウホウイ	凶方位
サクラゼンセン	桜前線
デントウメイカ	伝統銘菓
トッカセール	特価セール
ホゴマク	保護膜
カテイホウ	仮定法
キホンホウシュウ	基本報酬
ケイコウカン	蛍光管
ケンシュウヒヨウ	研修費用
コウカイカイツケ	公開買付け
シンソウカイテン	新装開店
シンブンカクシ	新聞各紙
ホシュケイヤク	保守契約
キカクテンジ	企画展示
コウジサン	コウジ酸
ジカゲンセン	自家源泉
セイサクコウテイ	製作工程
ニンシンチュウドクショウ	妊娠中毒症
フカイショウジョウ	不快症状
リヨウキゲン	利用期限
ホサニン	保佐人
ニンショウズミ	認証済
スミビヤキ	炭火焼
ロウジンセイシキソハン	老人性色素斑
モウボサイボウ	毛母細胞
ショウインシン	小陰唇
カンケツズミ	完結済
ジンコウシ	人工歯
ダイタイチョッキン	大腿直筋
シメキリズミ	締切済
ジュウキカード	住基カード
ガンリンキン	眼輪筋
ギュウタン	牛たん
スイコウチュウシャ	水光注射
トチュウチャ	杜仲茶
ガイフクシャキン	外腹斜筋
ハツモウチリョウ	発毛治療
ショクセンキ	食洗器
ジュウキネット	住基ネット
シセンボハン	脂腺母斑
セイカンスプレー	制汗スプレー
テンバ	テン場
ショウシタイ	硝子体
シキュウセンキンショウ	子宮腺筋症
イチゴバナ	いちご鼻
ボウソウシート	防草シート
シンクシタ	シンク下
テンネンシ	天然歯
ザコテキ	雑魚敵
メモガワリ	メモ代わり
タテカンバン	立て看板
ショキバライ	暑気払い
ヒトカンサイボウ	ヒト幹細胞
イワガキ	岩牡蠣
セックガシ	節句菓子
ショウジガミ	障子紙
インヨガ	陰ヨガ
シュウバライ	週払い
シスイセン	止水栓
フンタイトソウ	粉体塗装
ブドウガリ	ぶどう狩り
カンコン	冠婚
タカハタフドウ	高幡不動
キンシチョウ	錦糸町
シロカネタカナワ	白金高輪
ナガレヤマオオタカノモリ	流山おおたかの森
シンハクシマ	新白島
チクゴフナゴヤ	筑後船小屋
ツバメサンジョウ	燕三条
アラタマバシ	新瑞橋
シンジョハラ	新所原
シンアンジョウ	新安城
カワニシノセグチ	川西能勢口
ブバイガワラ	分倍河原
サクダイラ	佐久平
ケイセイウエノ	京成上野
ヒサヤオオドオリ	久屋大通
カミオタイ	上小田井
カミマエヅ	上前津
ミカワアンジョウ	三河安城
ヤマトヤギ	大和八木
エチゼンハナンドウ	越前花堂
キブカワ	貴生川
カイタイチ	海田市
カタビラノツジ	帷子ノ辻
タイシバシイマイチ	太子橋今市
オクツガルイマベツ	奥津軽いまべつ
オオエヤマグチナイク	大江山口内宮
インバニホンイダイ	印旛日本医大
ハツモウ	発毛
レンジュウ	連中
ガング	玩具
キンウン	金運
ズケイ	図形
ホンミョンボ	洪明甫
カミトバグチ	上鳥羽口
ギフハシマ	岐阜羽島
イロウツリ	色移り
ヒザタケ	膝丈
ボウカビ	防カビ
ジンエン	腎炎
ジンショウ	腎症
コシカベ	腰壁
タキアセ	滝汗
ハネアゲ	跳ね上げ
アセカキ	汗かき
カタオシ	型押し
ツボニワ	坪庭
ナカオロシ	仲卸
カワヒモ	革紐
アサナワ	麻縄
イワカゲ	岩陰
カタモミ	肩もみ
タキツボ	滝壺
ネンキュウ	年休
コジンジョウホウホゴホウシン	個人情報保護方針
レンタイホショウ	連帯保証
ジュウドウセイフク	柔道整復
セキチュウカン	脊柱管
セイフクシ	整復師
イッカンコウ	一貫校
セキチュウカンキョウサクショウ	脊柱管狭窄症
キンユウコウコ	金融公庫
コウコウゲカ	口腔外科
カシタンポ	瑕疵担保
コウカショウ	硬化症
エンソサン	塩素酸
イテントウキ	移転登記
コウセイトリヒキ	公正取引
チョウキユウリョウジュウタク	長期優良住宅
コウホウカ	広報課
テンサイキンシ	転載禁止
コテイカカク	固定価格
カイキブンセキ	回帰分析
ケンコウシンサ	健康診査
テイキシャクヤ	定期借家
イカガク	医科学
カンボツニュウトウ	陥没乳頭
フセイキョウソウ	不正競争
コヨウセイド	雇用制度
カサンゼイ	加算税
ジュウランシャ	銃乱射
タコウシツ	多孔質
ウラガワキョウセイ	裏側矯正
ハイセンコウジ	配線工事
キショウトウ	希少糖
コテイカカクカイトリセイド	固定価格買取制度
シンコウサク	振興策
ヘンケイセイコカンセツショウ	変形性股関節症
シンシンショウガイ	心身障害
ハイカンコウジ	配管工事
フクシキキ	福祉機器
シジョウカイタク	市場開拓
テモトクヨウ	手元供養
エンカクカンシ	遠隔監視
タイシャイジョウ	代謝異常
ケイキゲンソク	景気減速
スチールカン	スチール缶
コウガクリョウヨウヒセイド	高額療養費制度
ジョウゾウス	醸造酢
ヨウセイコウ	養成校
シンコシャ	新古車
ニンチショウガイ	認知障害
キショウキョウカイ	気象協会
テンシャシ	転写紙
ヤクブツシヨウ	薬物使用
アクセイコクショクシュ	悪性黒色腫
スイトウチョウ	出納帳
ドウハンガ	銅版画
ソルビンサン	ソルビン酸
カクハイキブツ	核廃棄物
ケッカクキン	結核菌
シボウシュ	脂肪腫
トウシド	透視度
ハイイショク	胚移植
サイボウシ	細胞死
ジキキョウメイ	磁気共鳴
オンブヒモ	おんぶ紐
ショクヨウジョウ	食養生
チュウドクシ	中毒死
ゼンチョウゲンショウ	前兆現象
タイショクカンショウ	退職勧奨
コウクウカンセイ	航空管制
ヘンケイキン	変形菌
ヨウホウカ	養蜂家
ハンカクカナ	半角カナ
ゲンケイシ	原型師
カンショウケン	鑑賞券
フナニショウケン	船荷証券
トウタイシャ	糖代謝
ヨウホウジョウ	養蜂場
ガイカンザイ	外患罪
ケイキシスウ	景気指数
コートシ	コート紙
トウコウラン	投稿欄
メンセキジョウコウ	免責条項
チカクシンケイ	知覚神経
カトウキョウソウ	過当競争
ケンチキ	検知器
ショウコウジョウタイ	小康状態
トウキリエキ	当期利益
ニュウセンショウ	乳腺症
キュウユキ	給油機
コンゴウシンリョウ	混合診療
ムキコヨウ	無期雇用
ユウコウトシ	友好都市
イロガヨウシ	色画用紙
キギョウトウシ	企業投資
ゲルカザイ	ゲル化剤
コウセイホゴ	更生保護
ザンダカショウカイ	残高照会
ジカネツ	ジカ熱
セイリョウインリョウ	清涼飲料
リャクダツコン	略奪婚
ルスタク	留守宅
コウカクエン	口角炎
テンサイチヘン	天災地変
ホソウグ	補装具
オウフクハガキ	往復はがき
ケンサクバン	研削盤
コウエンリョウ	講演料
センテンイジョウ	先天異常
センリョウケイ	線量計
ゴウトウハン	強盗犯
シリツダイ	私立大
ドウタイトウケイ	動態統計
オクジョウリョクカ	屋上緑化
カイゲンショウ	怪現象
カショウシンコク	過少申告
シンコヒン	新古品
シンシュツセイチュウジエン	滲出性中耳炎
